{
  "type": "minmax",
  "min": [
    -1.024364106281716
  ],
  "scale": [
    3.151889557789895
  ]
}