{
  "type": "minmax",
  "min": [
    -0.5311509966850281
  ],
  "scale": [
    0.035198874771595
  ]
}