{
  "type": "minmax",
  "min": [
    -0.3619488477706909
  ],
  "scale": [
    0.019176097586750984
  ]
}