{
  "type": "minmax",
  "min": [
    -0.24694286286830902
  ],
  "scale": [
    0.012478163465857506
  ]
}